images,Min Price,sale price,Price,Product Title,,,,,,,categories
https://ae01.alicdn.com/kf/Sdad7ff82a78b438ea57698201b2ec17eb/New-cap-hatIt-A-Beaut-Cark-Chrita-Baseball-Cap-Cark-Griwod-Chrita-en-Adut-Top-tyih.jpg_220x220xz.jpg,127.51,140.261,MAD 127.51,Nouvelle casquette de Baseball hatit'a Beaut Cark Chrita. Griwod Chrita en Adut Top tyih Cuto,,,,,,,electronics
https://ae01.alicdn.com/kf/S60a28a5ee9ac4ded9727a4ada2b28a40z/New-Hat-DRAPEAU-CORE-T-New-Hat-CORE-CADEAU-IE-DE-BEAUTE-CORICA-KORIKA-TEE.jpg_220x220xz.jpg,127.51,140.261,MAD 127.51,Nouveau chapeau DRAPEAU CORE T. CADEAU DE beauté. CORICA KORIKA,,,,,,,electronics
https://ae01.alicdn.com/kf/S2a9c4f14956b4999a6c784d776dd3942n/T-New-Hat-CORE-CORICA-KORIKA-New-Hat-DRAPEAU-CORE-IE-DE-BEAUTE-CADEAU.jpg_220x220xz.jpg,120.34,132.374,MAD 120.34,Chapeau. nouveau. CORICA. KORIKA. DRAPEAU. CADEAU,,,,,,,electronics
https://ae01.alicdn.com/kf/H8348a997ae174efca1b60eaa18fb52e87/women-s-net-red-simple-hair-ornament-hairpin-headdress-press-hair-go-out-of-large-intestine.jpg_220x220xz.jpg,29.39,32.329,MAD 29.39,Ornement de cheveux simple rouge net pour femmes. épingle à cheveux. coiffure. cheveux de presse. sortir du cercle de gros intestin. beauté de charme à la mode,,,,,,,electronics
https://ae01.alicdn.com/kf/H30d54a0299b04ddd924c8cee5f05ef93U/À-Nerdo-Diy-Pullover-Cap-Knit-Hat-Plus-Size-Keep-Warm-Elastic-Soft-Femme-Nerdo-Beauté.jpg_220x220xz.jpg,70.33,77.363,MAD 70.33,À Nerdo – chapeau tricoté. grande taille. élastique. maintien au chaud. doux. Beauté. Portrait Aquarelle. Peinture. Belle Couleur,,,,,,,electronics
https://ae01.alicdn.com/kf/S419100200d8f46fe9b461747b78f1657r/New-Fashion-Handmade-Polyester-Generous-Bride-Wedding-Accessories-Party-Lace-Veils-Beautful-Prensent-For-Female.jpg_220x220xz.jpg,9.46,10.406,MAD 9.46,Voile de dentelle en Polyester fait à la main pour femme. accessoires de mariage généreux. voile de fête. nouvelle mode,,,,,,,electronics
https://ae01.alicdn.com/kf/H2fc6ac9ac1114130b45bef8eb6bccff46/À-Nerdo-Mask-Diy-Washable-Filter-Pm2-5-Mouth-Trending-Femme-Nerdo-Beauté-Aquarelle-Portrait-Peinture.jpg_220x220xz.jpg,72.82,80.102,MAD 72.82,À Nerdo – masque avec filtre lavable. pm2. 5. tendance. pour femmes. Beauté. Aquarelle. Portrait. Peinture. Belle Couleur Papillon,,,,,,,electronics
https://ae01.alicdn.com/kf/H76d94e6fe1be474f9a893277fd560d7aC/It-s-a-Beaut-Clark-Christmas-Vacation-Holiday-Funny-Xmas-Movie-Adult-Mask-Dust-Reusable-Polyester.jpg_220x220xz.jpg,36.36,39.996,MAD 36.36,Masque facial réutilisable en Polyester pour adultes. protection anti-poussière. réutilisable,,,,,,,electronics
https://ae01.alicdn.com/kf/Hc1d6af42b3b94e4c926e2365509c069au/Your-Beaut-Short-Kinky-Deep-Curly-Synthetic-Hair-Headband-Wigs-for-Women-High-Temperature-Fiber-Headwear.jpg_220x220xz.jpg,217.57,239.327,MAD 217.57,Perruques synthétiques courtes. bouclées et crépues pour femmes. couvre-chef en Fiber de haute température,,,,,,,electronics
https://ae01.alicdn.com/kf/H218f1f4bd2f847469061d4016d6d3416E/Your-Beaut-Wholesale-Short-Kinky-Afro-Deep-cCurly-Synthetic-Wigs-Headband-for-Black-Women-Head-Band.jpg_220x220xz.jpg,217.57,239.327,MAD 217.57,Your beauty – perruque synthétique Afro courte crépue et bouclée pour femmes noires. bandeau pour filles. vente en gros,,,,,,,electronics
https://ae01.alicdn.com/kf/Hd3ac4f1360784ba09da21251d8621976t/Funny-Dark-Colors-Pattern-Skullies-Beanies-Autumn-Winter-Warm-Hat-Dark-Dark-Colors-Colors-Cool-Cool.jpg_220x220xz.jpg,54.19,59.609,MAD 54.19,Bonnets et Skullies de couleurs sombres et drôles. chapeau chaud d'automne et d'hiver. Design de beauté mystique. Cool et Cool,,,,,,,electronics
https://ae01.alicdn.com/kf/Hb9513e1fbb2d4b5396749ca8b3616778Z/Buffalo-Beauts-Reusable-Mouth-Face-Mask-Anti-Haze-Dustproof-Mask-With-Filters-For-Child-Adult-Buffalo.jpg_220x220xz.jpg,54.49,59.939,MAD 54.49,Buffalo beautés – masque buccal réutilisable. Anti-brume. Anti-poussière. avec filtres. pour enfants et adultes. glace de Hockey,,,,,,,electronics
https://ae01.alicdn.com/kf/H3e75d9205348498295ebc9cc25d3426bF/-Vous-Beauté-Il-Est-Temps-De-Beast-Mask-DIY-Washable-Filter-Pm2-5-Mouth-Trending.jpg_220x220xz.jpg,72.82,80.102,MAD 72.82,-Masque De bête Il Est Temps De la bête. bricolage lavable Pm2.5 bouche tendance beau monstre éveil faire des exercices,,,,,,,electronics
