Image url,images,Price,Product Title,categories
//ae01.alicdn.com/kf/Sbe3a11053a894bf0bdd4584a10077010c/2022-autumn-winter-loose-Plush-multicolor-Hooded-Coat-women-wool-coat-women.jpg_220x220xz.jpg,https://ae01.alicdn.com/kf/Sbe3a11053a894bf0bdd4584a10077010c/2022-autumn-winter-loose-Plush-multicolor-Hooded-Coat-women-wool-coat-women.jpg_220x220xz.jpg,202.91,Manteau à capuche multicolore en laine pour femme. ample. en peluche. collection automne hiver 2022,Vestes et manteaux
//ae01.alicdn.com/kf/Hc48cc8c9f6764d3e94cd00dcf7f5a03eW/The-new-2021-women-s-jacket-with-extra-thick-warm-and-extra-thick-lamb-feather-rider.jpg_220x220xz.jpg,https://ae01.alicdn.com/kf/Hc48cc8c9f6764d3e94cd00dcf7f5a03eW/The-new-2021-women-s-jacket-with-extra-thick-warm-and-extra-thick-lamb-feather-rider.jpg_220x220xz.jpg,469.27,Veste de cavalier en plumes d'agneau pour femmes. très épaisse. chaude et extra épaisse. avec fourrure artificielle. nouvelle collection 2021,Vestes et manteaux
//ae01.alicdn.com/kf/S88adec3bc50848018351d92485f2894ak/Winter-Women-s-Coat-Fashion-Casual-Stitching-Plaid-Ladies-Hooded-Zipper-Coat-Cashmere-Women-Jacket-Casacos.jpg_220x220xz.jpg,https://ae01.alicdn.com/kf/S88adec3bc50848018351d92485f2894ak/Winter-Women-s-Coat-Fashion-Casual-Stitching-Plaid-Ladies-Hooded-Zipper-Coat-Cashmere-Women-Jacket-Casacos.jpg_220x220xz.jpg,217.52,Manteau à capuche décontracté pour femme. veste en cachemire. avec fermeture éclair. à la mode. avec coutures à carreaux. hiver,Vestes et manteaux
//ae01.alicdn.com/kf/H659ff5c56c05410897024af9ff94461fj/Autumn-and-Winter-Street-brand-women-s-short-wash-leather-jacket-zipper-basic-motorcycle-jacket-for.jpg_220x220xz.jpg,https://ae01.alicdn.com/kf/H659ff5c56c05410897024af9ff94461fj/Autumn-and-Winter-Street-brand-women-s-short-wash-leather-jacket-zipper-basic-motorcycle-jacket-for.jpg_220x220xz.jpg,356.47,Veste en cuir pour femme. vêtement de moto de base avec fermeture éclair. collection automne et hiver,Vestes et manteaux
//ae01.alicdn.com/kf/S9397237963744e7dad2dbe46c7902259B/New-Women-2022-Fashion-Double-Breasted-Woolen-Casual-Elegant-Long-Blazers-Coat-Long-Sleeve-Female-Outerwear.jpg_220x220xz.jpg,https://ae01.alicdn.com/kf/S9397237963744e7dad2dbe46c7902259B/New-Women-2022-Fashion-Double-Breasted-Woolen-Casual-Elegant-Long-Blazers-Coat-Long-Sleeve-Female-Outerwear.jpg_220x220xz.jpg,436.63,Manteau en laine à Double boutonnage pour femme. vêtement d'extérieur à manches longues. élégant et décontracté. nouvelle collection 2022,Vestes et manteaux
//ae01.alicdn.com/kf/S11cc854b9f4942f7808b0441dfe6bbb28/ZADORIN-S-4XL-Mink-Coats-Women-Autumn-Winter-Top-Fashion-Pink-FAUX-Fur-Coat-Elegant-Thick.jpg_220x220xz.jpg,https://ae01.alicdn.com/kf/S11cc854b9f4942f7808b0441dfe6bbb28/ZADORIN-S-4XL-Mink-Coats-Women-Autumn-Winter-Top-Fashion-Pink-FAUX-Fur-Coat-Elegant-Thick.jpg_220x220xz.jpg,472.92,ZADORIN – manteaux en fausse fourrure de vison rose pour femme. élégant. épais et chaud. haut à la mode. collection automne-hiver S-4XL. 2022,Vestes et manteaux
//ae01.alicdn.com/kf/Ha8cb24b73dba49b1ae81a5908e67850fR/women-s-jacket-spring-2022-Fashion-Outwear-Casual-Jackets-Solid-All-Match-Simple-Fresh-Stylish-Warm.jpg_220x220xz.jpg,https://ae01.alicdn.com/kf/Ha8cb24b73dba49b1ae81a5908e67850fR/women-s-jacket-spring-2022-Fashion-Outwear-Casual-Jackets-Solid-All-Match-Simple-Fresh-Stylish-Warm.jpg_220x220xz.jpg,178.15,Manteau épais et chaud pour femme. veste Simple. frais. élégant et décontracté. couleur unie. à la mode. printemps 2022,Vestes et manteaux
//ae01.alicdn.com/kf/H07725258c8b44d4abbcb975e392e58d7s/White-tweed-women-jacket-Hand-made-beads-spring-autumn-winter-woolen-coat-new-Wool-classic-jacket.jpg_220x220xz.jpg,https://ae01.alicdn.com/kf/H07725258c8b44d4abbcb975e392e58d7s/White-tweed-women-jacket-Hand-made-beads-spring-autumn-winter-woolen-coat-new-Wool-classic-jacket.jpg_220x220xz.jpg,798.2,Veste classique en tweed blanc pour femme. manteau en laine fait à la main avec des perles. nouvelle collection printemps/automne/hiver,Vestes et manteaux
//ae01.alicdn.com/kf/Hbff5f5aa8c414451b2c37fcef0dfc2f3Q/90-Ultra-light-Plus-Size-Thin-Down-Jacket-Women-2020-Autumn-Winter-Slim-Short-Hooded-Warm.jpg_220x220xz.jpg,https://ae01.alicdn.com/kf/Hbff5f5aa8c414451b2c37fcef0dfc2f3Q/90-Ultra-light-Plus-Size-Thin-Down-Jacket-Women-2020-Autumn-Winter-Slim-Short-Hooded-Warm.jpg_220x220xz.jpg,157.47,Doudoune ultralégère en duvet de canard blanc pour femme. vêtement d'extérieur. Slim. court. à capuche. chaud. grande taille. automne-hiver. 90%. 2020,Vestes et manteaux
//ae01.alicdn.com/kf/H6aea37388ced498f9ef309cb92c70337m/Light-Duck-Down-Puffer-Coat-Women-2022-Autumn-Coats-Warm-Duck-Down-Female-Casual-Jacket-Stand.jpg_220x220xz.jpg,https://ae01.alicdn.com/kf/H6aea37388ced498f9ef309cb92c70337m/Light-Duck-Down-Puffer-Coat-Women-2022-Autumn-Coats-Warm-Duck-Down-Female-Casual-Jacket-Stand.jpg_220x220xz.jpg,213.15,Manteau bouffant en duvet de canard clair pour femme. veste chaude et décontractée avec col montant et poche pour dame. Slim. 3XL. collection automne 2022,Vestes et manteaux
//ae01.alicdn.com/kf/H67367f01eccb4241b9926bfb1d299df4b/2020-New-Casual-90-Ultra-Light-White-Duck-Down-Jacket-Women-Autumn-Winter-Warm-Coat-Lady.jpg_220x220xz.jpg,https://ae01.alicdn.com/kf/H67367f01eccb4241b9926bfb1d299df4b/2020-New-Casual-90-Ultra-Light-White-Duck-Down-Jacket-Women-Autumn-Winter-Warm-Coat-Lady.jpg_220x220xz.jpg,192.47,Veste en duvet de canard blanc Ultra léger pour femme. manteau chaud. Parka à capuche. collection automne-hiver 2020. 90%,Vestes et manteaux
//ae01.alicdn.com/kf/Sf3830a76ae6e4e06adb3044563f263f6m/2022-New-Women-Hooded-Woolen-Fleece-Autumn-and-Winter-Jacket-Casual-and-Comfortable-Zipper-Winter-Coat.jpg_220x220xz.jpg,https://ae01.alicdn.com/kf/Sf3830a76ae6e4e06adb3044563f263f6m/2022-New-Women-Hooded-Woolen-Fleece-Autumn-and-Winter-Jacket-Casual-and-Comfortable-Zipper-Winter-Coat.jpg_220x220xz.jpg,179.34,Veste à capuche en laine polaire pour femme. décontractée et confortable. avec fermeture éclair. automne et hiver. 2021,Vestes et manteaux
//ae01.alicdn.com/kf/H2289cce3da724225ae391577b6187a963/New-Women-Sleeveless-Women-s-Ultra-Light-Down-Vests-Slim-Jacket-Girl-Gilet-Lightweight-Windproof-Warm.jpg_220x220xz.jpg,https://ae01.alicdn.com/kf/H2289cce3da724225ae391577b6187a963/New-Women-Sleeveless-Women-s-Ultra-Light-Down-Vests-Slim-Jacket-Girl-Gilet-Lightweight-Windproof-Warm.jpg_220x220xz.jpg,181.33,Gilet sans manches pour femmes. veste en duvet Ultra léger pour filles. Gilet léger coupe-vent chaud Portable. nouvelle collection,Vestes et manteaux
//ae01.alicdn.com/kf/S0904ed30673348db8598c7e34cf1ad03Z/2022-New-Women-Thin-Down-Jacket-White-Duck-Down-Ultralight-Jackets-Autumn-And-Winter-Warm-Coats.jpg_220x220xz.jpg,https://ae01.alicdn.com/kf/S0904ed30673348db8598c7e34cf1ad03Z/2022-New-Women-Thin-Down-Jacket-White-Duck-Down-Ultralight-Jackets-Autumn-And-Winter-Warm-Coats.jpg_220x220xz.jpg,217.59,Doudoune fine en duvet de canard blanc pour femme. veste ultralégère. manteaux chauds. vêtements d'extérieur. automne et hiver. 2022,Vestes et manteaux
//ae01.alicdn.com/kf/S0892b1d70dc34c0e994fe443e913a9161/Women-Winter-Warm-Fleece-Long-Coats-Composite-Plush-Button-Lapels-Jacket-Outwear-Thick-Lady-Winter-Pockets.jpg_220x220xz.jpg,https://ae01.alicdn.com/kf/S0892b1d70dc34c0e994fe443e913a9161/Women-Winter-Warm-Fleece-Long-Coats-Composite-Plush-Button-Lapels-Jacket-Outwear-Thick-Lady-Winter-Pockets.jpg_220x220xz.jpg,223.39,Manteaux longs en polaire pour femmes. veste à revers à boutons en peluche. vêtements d'extérieur épais. poches d'hiver solides. grande taille,Vestes et manteaux
//ae01.alicdn.com/kf/H503249e734554f498c4e04c9cd500a15E/Brand-5xl-6xl-7XL-8XL-Duck-Down-Jacket-Women-Ultra-Light-Down-Jacket-Feather-Jacket-Plus.jpg_220x220xz.jpg,https://ae01.alicdn.com/kf/H503249e734554f498c4e04c9cd500a15E/Brand-5xl-6xl-7XL-8XL-Duck-Down-Jacket-Women-Ultra-Light-Down-Jacket-Feather-Jacket-Plus.jpg_220x220xz.jpg,221,Veste en duvet de canard Ultra légère pour femmes. manteau coupe-vent de marque 5xl 6xl 7XL 8XL,Vestes et manteaux
//ae01.alicdn.com/kf/S6279af812e8e4b1dbdb61fa5983597d8W/Cashmere-coat-high-sense-wool-women-s-long-style-2022-spring-new-double-sided-color-matching.jpg_220x220xz.jpg,https://ae01.alicdn.com/kf/S6279af812e8e4b1dbdb61fa5983597d8W/Cashmere-coat-high-sense-wool-women-s-long-style-2022-spring-new-double-sided-color-matching.jpg_220x220xz.jpg,456.81,Manteau long en cachemire et laine pour femme. vêtement de caractère assorti. double face. style Hepburn. printemps 2022,Vestes et manteaux
//ae01.alicdn.com/kf/H7c90fc82a6c44c51a0ced755ed23a360N/Spring-Autumn-Women-Ultralight-Thin-Down-Jacket-White-Duck-Down-Hooded-Jackets-Warm-Winter-Coat-Parka.jpg_220x220xz.jpg,https://ae01.alicdn.com/kf/H7c90fc82a6c44c51a0ced755ed23a360N/Spring-Autumn-Women-Ultralight-Thin-Down-Jacket-White-Duck-Down-Hooded-Jackets-Warm-Winter-Coat-Parka.jpg_220x220xz.jpg,201.81,Doudoune Femme à Capuche en Duvet de Canard. Manteau Ultra Léger et Fin. Tenant Chaud. Vêtement D'Extérieur Portable. Idéal pour l'Hiver. le Printemps et l'Automne,Vestes et manteaux
//ae01.alicdn.com/kf/H4dc22576d3cb40619b4dd1ea0148f1b8R/Real-Rabbit-Fur-Knitted-Natural-Fur-Poncho-Vest-Fashion-Wrap-Coat-Shawl-Lady-Scarf-Natural-Fur.jpg_220x220xz.jpg,https://ae01.alicdn.com/kf/H4dc22576d3cb40619b4dd1ea0148f1b8R/Real-Rabbit-Fur-Knitted-Natural-Fur-Poncho-Vest-Fashion-Wrap-Coat-Shawl-Lady-Scarf-Natural-Fur.jpg_220x220xz.jpg,226.77,Poncho tricoté en vraie fourrure de lapin naturelle. gilet en fourrure naturelle. châle. écharpe pour femme. Cape pour fête de mariage. vente en gros,Vestes et manteaux
//ae01.alicdn.com/kf/H82e30ca2a43246d2a4514420547c1457Q/Women-Parkas-Winter-Jacket-2022-New-Warm-Hooded-Female-Basic-Coat-Down-Cotton-Padded-Parkas-Short.jpg_220x220xz.jpg,https://ae01.alicdn.com/kf/H82e30ca2a43246d2a4514420547c1457Q/Women-Parkas-Winter-Jacket-2022-New-Warm-Hooded-Female-Basic-Coat-Down-Cotton-Padded-Parkas-Short.jpg_220x220xz.jpg,213.44,Parka d'hiver à capuche pour femme. manteau basique en coton rembourré. vêtements d'extérieur. grande taille 6XL. 2022,Vestes et manteaux
//ae01.alicdn.com/kf/Sc7aeed9638124a13b62905332ad51173Y/S-Winter-Coat-Women-Fur-Cardigan-Jacket-Long-Sides-Both-Side-Wearing-Faur-Fur-Coat-Teddy.jpg_220x220xz.jpg,https://ae01.alicdn.com/kf/Sc7aeed9638124a13b62905332ad51173Y/S-Winter-Coat-Women-Fur-Cardigan-Jacket-Long-Sides-Both-Side-Wearing-Faur-Fur-Coat-Teddy.jpg_220x220xz.jpg,146.84,Manteau d'hiver en fourrure pour femme. veste Cardigan. Long des deux côtés. Teddy Coat,Vestes et manteaux
//ae01.alicdn.com/kf/Hc752ec5f84c04975b7af857cefb9e3a5D/Winter-New-Arrival-Women-Warm-Coat-Wool-Blends-Long-Sleeve-Outerwear-Plush-Cardigans-Overcoats-Femme-Coats.jpg_220x220xz.jpg,https://ae01.alicdn.com/kf/Hc752ec5f84c04975b7af857cefb9e3a5D/Winter-New-Arrival-Women-Warm-Coat-Wool-Blends-Long-Sleeve-Outerwear-Plush-Cardigans-Overcoats-Femme-Coats.jpg_220x220xz.jpg,187.79,Cardigans en peluche à manches longues pour Femme. manteau chaud. mélange de laine. vêtements d'extérieur. pardessus. mode Streetwear. nouvelle collection hiver,Vestes et manteaux
//ae01.alicdn.com/kf/H27c3858f3b25450eaa47d97526405fa6R/Women-Jacket-Coat-Windproof-Waterproof-Transition-Hooded-Jackets-Outdoor-Hiking-Clothes-Outerwear-Women-s-Lightweight-Raincoat.jpg_220x220xz.jpg,https://ae01.alicdn.com/kf/H27c3858f3b25450eaa47d97526405fa6R/Women-Jacket-Coat-Windproof-Waterproof-Transition-Hooded-Jackets-Outdoor-Hiking-Clothes-Outerwear-Women-s-Lightweight-Raincoat.jpg_220x220xz.jpg,181.53,Veste coupe-vent légère pour femme. manteau imperméable à capuche. vêtements de randonnée en plein air. vêtements d'extérieur,Vestes et manteaux
//ae01.alicdn.com/kf/H8ab04c751f5f4d7db4506aef881926c4b/Women-Winter-Warm-Floral-Hooded-Jacket-2021-Flower-Print-Hoody-Vintage-Coats-Winter-Padded-Jacket-Women.jpg_220x220xz.jpg,https://ae01.alicdn.com/kf/H8ab04c751f5f4d7db4506aef881926c4b/Women-Winter-Warm-Floral-Hooded-Jacket-2021-Flower-Print-Hoody-Vintage-Coats-Winter-Padded-Jacket-Women.jpg_220x220xz.jpg,227.67,Veste chaude à capuche pour femme. parka rembourrée à imprimé Floral. manteaux Vintage. collection hiver 2021,Vestes et manteaux
//ae01.alicdn.com/kf/H6be77dbac22d41f89da83a07b6b19fecb/Autumn-Winter-2021-Women-Jackets-Lapel-Wool-Coats-Solid-Double-Breasted-Ladies-Knee-Length-Blends-Coat.jpg_220x220xz.jpg,https://ae01.alicdn.com/kf/H6be77dbac22d41f89da83a07b6b19fecb/Autumn-Winter-2021-Women-Jackets-Lapel-Wool-Coats-Solid-Double-Breasted-Ladies-Knee-Length-Blends-Coat.jpg_220x220xz.jpg,101.11,Vestes à revers pour femmes. manteaux en laine. solide. Double boutonnage. longueur au genou. manteau femme. pardessus grande taille. collection automne hiver 2021,Vestes et manteaux
//ae01.alicdn.com/kf/Hd76c29e7682f4b9e9365ecd113219242F/Women-Woolen-Coat-Autumn-Winter-New-Korean-Slim-Fit-Mid-long-Woolen-Coat-Elegant-Women-Woolen.jpg_220x220xz.jpg,https://ae01.alicdn.com/kf/Hd76c29e7682f4b9e9365ecd113219242F/Women-Woolen-Coat-Autumn-Winter-New-Korean-Slim-Fit-Mid-long-Woolen-Coat-Elegant-Women-Woolen.jpg_220x220xz.jpg,312.16,Manteau en laine pour femme. élégant. mi-long. coupe cintrée. coréen. nouvelle collection automne hiver 2021,Vestes et manteaux
//ae01.alicdn.com/kf/H871331bb20dc47a29bbab9f909e7cb20M/Good-Quality-Women-White-Duck-Down-Vest-Soft-Fabric-Ultra-Light-Vest-Jacket-2021-Winter-Weightless.jpg_220x220xz.jpg,https://ae01.alicdn.com/kf/H871331bb20dc47a29bbab9f909e7cb20M/Good-Quality-Women-White-Duck-Down-Vest-Soft-Fabric-Ultra-Light-Vest-Jacket-2021-Winter-Weightless.jpg_220x220xz.jpg,180.94,Veste en duvet de canard blanc pour femme. gilet en tissu doux. Ultra léger. hiver 2021. col montant. sans manches. de bonne qualité,Vestes et manteaux
//ae01.alicdn.com/kf/See1f03a439b94517bd5a040562d95ce5A/Rimocy-High-Quality-Faux-Fur-Coat-Fpr-Women-2022-Winter-Thicken-Warm-Fluffy-Jacket-Woman-Long.jpg_220x220xz.jpg,https://ae01.alicdn.com/kf/See1f03a439b94517bd5a040562d95ce5A/Rimocy-High-Quality-Faux-Fur-Coat-Fpr-Women-2022-Winter-Thicken-Warm-Fluffy-Jacket-Woman-Long.jpg_220x220xz.jpg,451.61,Rimocy – manteau en fausse fourrure pour femme. de haute qualité. épais. chaud et moelleux. veste à manches longues. court. collection hiver 2022,Vestes et manteaux
//ae01.alicdn.com/kf/H5057baa937e94eee8877a07fc42dc695n/Women-Down-Jacket-Hooded-90-White-Duck-Down-Warm-Overcoat-Solid-Color-Portable-Outerwear-Ultra-Light.jpg_220x220xz.jpg,https://ae01.alicdn.com/kf/H5057baa937e94eee8877a07fc42dc695n/Women-Down-Jacket-Hooded-90-White-Duck-Down-Warm-Overcoat-Solid-Color-Portable-Outerwear-Ultra-Light.jpg_220x220xz.jpg,206.09,Doudoune à capuche 90% duvet de canard blanc pour femme. manteau chaud. couleur unie. vêtements d'extérieur portables. manteau Ultra léger. hiver,Vestes et manteaux
//ae01.alicdn.com/kf/S565d9c22aa584da4b6267c7f886539e2G/2022-Women-Autumn-Winter-Jacket-Female-Coat-Causal-Soft-Hooded-Fleece-Plush-Warm-Plus-Size-Faux.jpg_220x220xz.jpg,https://ae01.alicdn.com/kf/S565d9c22aa584da4b6267c7f886539e2G/2022-Women-Autumn-Winter-Jacket-Female-Coat-Causal-Soft-Hooded-Fleece-Plush-Warm-Plus-Size-Faux.jpg_220x220xz.jpg,155.29,Veste en fausse fourrure pour femme. manteau décontracté. doux. à capuche. polaire. peluche. chaud. grande taille. fermeture éclair. Top. Sudadera. collection automne hiver 2022,Vestes et manteaux
//ae01.alicdn.com/kf/Ha3ad5cd92f2c491ab4cce9b1e42e82b7f/Vangull-Women-Hooded-Jacket-Casual-Basic-Warm-Velvet-Lamb-Parka-Coat-Autumn-Winter-New-Solid-Light.jpg_220x220xz.jpg,https://ae01.alicdn.com/kf/Ha3ad5cd92f2c491ab4cce9b1e42e82b7f/Vangull-Women-Hooded-Jacket-Casual-Basic-Warm-Velvet-Lamb-Parka-Coat-Autumn-Winter-New-Solid-Light.jpg_220x220xz.jpg,218.22,Vangull – veste à capuche pour femme. Parka décontractée. basique. chaud. en velours d'agneau. solide. léger. doux. nouvelle collection automne hiver,Vestes et manteaux
//ae01.alicdn.com/kf/H7b11d9aee8a14a55b346240a98c93a97v/Autumn-Women-Warm-Slim-Sashes-Jacket-Long-Sleeve-Solid-Color-Overcoat-Elegant-Korean-Fashion-Loose-Windbreaker.jpg_220x220xz.jpg,https://ae01.alicdn.com/kf/H7b11d9aee8a14a55b346240a98c93a97v/Autumn-Women-Warm-Slim-Sashes-Jacket-Long-Sleeve-Solid-Color-Overcoat-Elegant-Korean-Fashion-Loose-Windbreaker.jpg_220x220xz.jpg,241.18,Manteau en laine à manches longues pour femme. veste chaude et Slim avec ceinture. couleur unie. pardessus élégant. mode coréenne. coupe-vent ample. collection automne hiver,Vestes et manteaux
//ae01.alicdn.com/kf/S7613b0d2566b48aca2b0b0acae88cc26m/Women-s-2021-New-Casual-Lightweight-Thickened-Warm-and-Slim-Fit-Small-Volume-White-Duck-Fashion.jpg_220x220xz.jpg,https://ae01.alicdn.com/kf/S7613b0d2566b48aca2b0b0acae88cc26m/Women-s-2021-New-Casual-Lightweight-Thickened-Warm-and-Slim-Fit-Small-Volume-White-Duck-Fashion.jpg_220x220xz.jpg,140.57,Manteau en duvet de canard blanc pour femmes. décontracté. léger. épais. chaud et ajusté. petit Volume. mode. 2021,Vestes et manteaux
//ae01.alicdn.com/kf/Sc0dcab3627ba457ab148f4bc35bdaaa0t/2021-Women-Autumn-Winter-Jacket-Female-Coat-Causal-Soft-Hooded-Fleece-Plush-Warm-Plus-Size-Faux.jpg_220x220xz.jpg,https://ae01.alicdn.com/kf/Sc0dcab3627ba457ab148f4bc35bdaaa0t/2021-Women-Autumn-Winter-Jacket-Female-Coat-Causal-Soft-Hooded-Fleece-Plush-Warm-Plus-Size-Faux.jpg_220x220xz.jpg,164.93,Veste en fausse fourrure pour femme. manteau décontracté. doux. à capuche. polaire. peluche. chaud. grande taille. fermeture éclair. Top. Sudadera. collection automne hiver 2021,Vestes et manteaux
//ae01.alicdn.com/kf/H5bbf11a13f804aca95de45e5d16bdb0bP/Winter-Women-s-Jacket-Plush-Patchwork-Zipper-Pocket-Hooded-Jacket-Fur-Woman-Coat-Plus-Size-Thick.jpg_220x220xz.jpg,https://ae01.alicdn.com/kf/H5bbf11a13f804aca95de45e5d16bdb0bP/Winter-Women-s-Jacket-Plush-Patchwork-Zipper-Pocket-Hooded-Jacket-Fur-Woman-Coat-Plus-Size-Thick.jpg_220x220xz.jpg,209.96,Veste d'hiver en peluche pour femmes. Patchwork. fermeture éclair. poche à capuche. manteau de fourrure pour femme. grande taille. épais et chaud. vêtements d'extérieur d'hiver,Vestes et manteaux
//ae01.alicdn.com/kf/Hfde9edf3b3e643ba887f624619e9ebccs/2022-New-Autumn-Winter-90-White-Duck-Down-Jacket-Women-Ultra-Light-Warm-Waistcoat-Down-Vest.jpg_220x220xz.jpg,https://ae01.alicdn.com/kf/Hfde9edf3b3e643ba887f624619e9ebccs/2022-New-Autumn-Winter-90-White-Duck-Down-Jacket-Women-Ultra-Light-Warm-Waistcoat-Down-Vest.jpg_220x220xz.jpg,205.89,Veste en duvet de canard blanc 2021 pour femme. gilet Ultra léger et chaud. sans manches. nouvelle collection automne hiver 90%,Vestes et manteaux
//ae01.alicdn.com/kf/HTB1azBTxKuSBuNjSsziq6zq8pXaA/UHYTGF-Autumn-And-Winter-Wool-Jacket-Womens-Clothing-Medium-Length-Woolen-Coats-Slim-Wild-Elegant-Female.jpg_220x220xz.jpg,https://ae01.alicdn.com/kf/HTB1azBTxKuSBuNjSsziq6zq8pXaA/UHYTGF-Autumn-And-Winter-Wool-Jacket-Womens-Clothing-Medium-Length-Woolen-Coats-Slim-Wild-Elegant-Female.jpg_220x220xz.jpg,276.97,UHYTGF – veste en laine pour femmes. automne et hiver. vêtements mi-longs. manteaux Slim sauvage élégant. vêtements d'extérieur coréens. 3XL124,Vestes et manteaux
//ae01.alicdn.com/kf/Hd55857735a2a48d2bc96071e2ed4f701V/HI-FASHION-Women-Double-Layer-Windbreaker-Autumn-Casual-Slim-Coat-Fashion-Plus-Size-4Xl-Stand-Up.jpg_220x220xz.jpg,https://ae01.alicdn.com/kf/Hd55857735a2a48d2bc96071e2ed4f701V/HI-FASHION-Women-Double-Layer-Windbreaker-Autumn-Casual-Slim-Coat-Fashion-Plus-Size-4Xl-Stand-Up.jpg_220x220xz.jpg,188.19,Hi-fashion – coupe-vent Double couche pour femme. manteau Slim décontracté. à la mode. grande taille 4Xl. veste à col montant pour dames. automne,Vestes et manteaux
//ae01.alicdn.com/kf/Se92eba4ff10246dba8f8b9a10271bbb3v/ZQLZ-Winter-Jacket-Women-2022-Warm-Thick-Down-Cotton-Parka-Mujer-Casual-Slim-Black-Overcoat-Hooded.jpg_220x220xz.jpg,https://ae01.alicdn.com/kf/Se92eba4ff10246dba8f8b9a10271bbb3v/ZQLZ-Winter-Jacket-Women-2022-Warm-Thick-Down-Cotton-Parka-Mujer-Casual-Slim-Black-Overcoat-Hooded.jpg_220x220xz.jpg,278.46,ZQLZ – manteau à capuche en coton épais pour femme. veste chaude. Parka en duvet de coton. style décontracté. Slim. noir. collection hiver 2022,Vestes et manteaux
//ae01.alicdn.com/kf/H3daa1972ffb24bb4828f732165d4998an/Ultra-Light-Duck-Down-Women-Lightweight-Coat-Warm-Female-Windbreaker-Parka-Women-s-Down-Jackets-Coats.jpg_220x220xz.jpg,https://ae01.alicdn.com/kf/H3daa1972ffb24bb4828f732165d4998an/Ultra-Light-Duck-Down-Women-Lightweight-Coat-Warm-Female-Windbreaker-Parka-Women-s-Down-Jackets-Coats.jpg_220x220xz.jpg,214.64,Manteau Ultra léger en duvet de canard pour femme. coupe-vent chaud. Parka à capuche,Vestes et manteaux
//ae01.alicdn.com/kf/Sec7e8a6ba18b4ab0970ed0c93d3af9e2a/Popular-Polyester-Warm-Solid-Double-breasted-Cardigan-Woolen-Coat-Long-Sleeve-Women-Fashion-Turn-Down-Collar.jpg_220x220xz.jpg,https://ae01.alicdn.com/kf/Sec7e8a6ba18b4ab0970ed0c93d3af9e2a/Popular-Polyester-Warm-Solid-Double-breasted-Cardigan-Woolen-Coat-Long-Sleeve-Women-Fashion-Turn-Down-Collar.jpg_220x220xz.jpg,134.81,Cardigan à Double boutonnage en Polyester pour femmes. manteau en laine à manches longues. à la mode. col rabattu. tenue populaire,Vestes et manteaux
//ae01.alicdn.com/kf/Hcae58cfc5d8e4ec2ab5379b4230895afr/2020-Spring-Trench-Coat-for-Women-Streetwear-Turn-down-Collar-Double-Breasted-Coats-Female-3XL-XXXL.jpg_220x220xz.jpg,https://ae01.alicdn.com/kf/Hcae58cfc5d8e4ec2ab5379b4230895afr/2020-Spring-Trench-Coat-for-Women-Streetwear-Turn-down-Collar-Double-Breasted-Coats-Female-3XL-XXXL.jpg_220x220xz.jpg,255.7,Trench-Coat pour femmes. Streetwear. col rabattu. Double boutonnage. 3XL XXXL. printemps 2020,Vestes et manteaux
//ae01.alicdn.com/kf/S9f540d0be1c447dc8627907bb5b600587/Winter-Parka-Coat-Women-s-Jacket-Thick-Warm-Women-Fashion-Black-PU-Leather-Coats-Women-Elegant.jpg_220x220xz.jpg,https://ae01.alicdn.com/kf/S9f540d0be1c447dc8627907bb5b600587/Winter-Parka-Coat-Women-s-Jacket-Thick-Warm-Women-Fashion-Black-PU-Leather-Coats-Women-Elegant.jpg_220x220xz.jpg,280.23,Blouson d'hiver en similicuir PU femme noir. épais et chaud. élégant avec fermeture éclair,Vestes et manteaux
//ae01.alicdn.com/kf/H9c0294f0004c4a318c31a55fc62ceb133/2022-Women-Winter-Plus-Size-Long-Teddy-Jacket-Warm-Thick-Fleece-Faux-Fur-Coat-Plush-Teddy.jpg_220x220xz.jpg,https://ae01.alicdn.com/kf/H9c0294f0004c4a318c31a55fc62ceb133/2022-Women-Winter-Plus-Size-Long-Teddy-Jacket-Warm-Thick-Fleece-Faux-Fur-Coat-Plush-Teddy.jpg_220x220xz.jpg,94.54,Manteau en fausse fourrure pour femme. veste longue. polaire chaude et épaisse. décontractée. grandes tailles. hiver 2022,Vestes et manteaux
//ae01.alicdn.com/kf/HTB18.OeoILJ8KJjy0Fnq6AFDpXao/ZQLZ-Spring-Autumn-Winter-Jacket-Women-2022-Thick-Warm-Hooded-Parka-Mujer-Cotton-Padded-Coat-3XL.jpg_220x220xz.jpg,https://ae01.alicdn.com/kf/HTB18.OeoILJ8KJjy0Fnq6AFDpXao/ZQLZ-Spring-Autumn-Winter-Jacket-Women-2022-Thick-Warm-Hooded-Parka-Mujer-Cotton-Padded-Coat-3XL.jpg_220x220xz.jpg,265.74,ZQLZ – veste chaude à capuche pour femme. manteau rembourré en coton. épais. décontracté. mince. 3XL. collection printemps automne hiver 2022,Vestes et manteaux
//ae01.alicdn.com/kf/S6b397c6271c9463ca4b1ed5104cfdbb8D/Za-Denim-Jacket-Women-Thin-Parkas-Straight-Shirt-Coats-Fashion-Blue-Outwear-Female-Pockets-Oversize-Coat.jpg_220x220xz.jpg,https://ae01.alicdn.com/kf/S6b397c6271c9463ca4b1ed5104cfdbb8D/Za-Denim-Jacket-Women-Thin-Parkas-Straight-Shirt-Coats-Fashion-Blue-Outwear-Female-Pockets-Oversize-Coat.jpg_220x220xz.jpg,188.99,Za – veste en Denim pour femmes. parka fine. chemise droite. manteaux. mode. vêtements d'extérieur. poches. manteau surdimensionné. automne trf,Vestes et manteaux
//ae01.alicdn.com/kf/Se58ee61f1caf46b8968a7db68452e66bA/2021-Brand-New-Wholesale-Button-Lapel-Loose-Fleece-Sweater-Cardigan-Sheep-Woolen-Coat-Women-Jacket-Winter.jpg_220x220xz.jpg,https://ae01.alicdn.com/kf/Se58ee61f1caf46b8968a7db68452e66bA/2021-Brand-New-Wholesale-Button-Lapel-Loose-Fleece-Sweater-Cardigan-Sheep-Woolen-Coat-Women-Jacket-Winter.jpg_220x220xz.jpg,212.25,Cardigan en laine de mouton pour femmes. veste d'hiver. ample. avec boutons à revers. vente en gros. 2021,Vestes et manteaux
//ae01.alicdn.com/kf/S6b7c611e997a4780bd6fb44d98524534d/M-3XL-Autumn-Spring-Wool-Jacket-Women-Double-Breasted-Coats-Elegant-Overcoat-Basic-Coat-Pockets-Woolen.jpg_220x220xz.jpg,https://ae01.alicdn.com/kf/S6b7c611e997a4780bd6fb44d98524534d/M-3XL-Autumn-Spring-Wool-Jacket-Women-Double-Breasted-Coats-Elegant-Overcoat-Basic-Coat-Pockets-Woolen.jpg_220x220xz.jpg,285.02,Veste en laine pour femmes. Double boutonnage. pardessus élégant. manteau de base. poches. Long. automne. printemps. M-3XL. 200,Vestes et manteaux
//ae01.alicdn.com/kf/Hf6e86d27510a430798f274477428b5640/Spring-Autumn-Trench-Coat-Woman-2022-New-Korean-Single-breasted-Mid-Long-Women-Trench-Coat-Overcoat.jpg_220x220xz.jpg,https://ae01.alicdn.com/kf/Hf6e86d27510a430798f274477428b5640/Spring-Autumn-Trench-Coat-Woman-2022-New-Korean-Single-breasted-Mid-Long-Women-Trench-Coat-Overcoat.jpg_220x220xz.jpg,240.09,Trench-Coat à simple boutonnage pour femme. manteau mi-long. coréen. coupe-vent. kaki. 5xl. printemps automne. 2022,Vestes et manteaux
//ae01.alicdn.com/kf/H0c7ad8e91ef147138107a07ba981b6e48/Autumn-Plus-Size-4XL-Women-Down-Jacket-Winter-Ultra-Light-90-White-Duck-Down-Coat-Short.jpg_220x220xz.jpg,https://ae01.alicdn.com/kf/H0c7ad8e91ef147138107a07ba981b6e48/Autumn-Plus-Size-4XL-Women-Down-Jacket-Winter-Ultra-Light-90-White-Duck-Down-Coat-Short.jpg_220x220xz.jpg,218.22,Doudoune Ultra légère en duvet de canard blanc pour femme. manteau court à capuche. Parka chaude. grande taille 4XL. collection automne et hiver. 90%,Vestes et manteaux
//ae01.alicdn.com/kf/H38a1878d55284134925e30f8ca75d089p/Winter-Women-Down-coats-Duck-Down-Jacket-Women-Ultra-Light-Down-Jacket-Feather-Jacket-Women-s.jpg_220x220xz.jpg,https://ae01.alicdn.com/kf/H38a1878d55284134925e30f8ca75d089p/Winter-Women-Down-coats-Duck-Down-Jacket-Women-Ultra-Light-Down-Jacket-Feather-Jacket-Women-s.jpg_220x220xz.jpg,206.09,Manteau en duvet de canard pour femme. veste en duvet de canard. Ultra légère. veste en plumes. pardessus. coupe-vent. hiver,Vestes et manteaux
//ae01.alicdn.com/kf/H2772b444c2bf489cad71b4a9909624d7N/6XL-7XL-Autumn-Winter-Women-Ultralight-Down-Jackets-2022-New-Puffy-Duck-Feather-Coats-Slim-Warm.jpg_220x220xz.jpg,https://ae01.alicdn.com/kf/H2772b444c2bf489cad71b4a9909624d7N/6XL-7XL-Autumn-Winter-Women-Ultralight-Down-Jackets-2022-New-Puffy-Duck-Feather-Coats-Slim-Warm.jpg_220x220xz.jpg,249.13,Doudoune ultralégère en duvet de canard pour femme. manteaux de plumes de canard bouffantes. Parkas chauds. minces. solides. portables. nouvelle collection automne hiver 2022. 6XL 7XL,Vestes et manteaux
//ae01.alicdn.com/kf/S0de635f891f54c06bc9588de1fd8ae87m/Women-Slim-Solid-Overcoat-Female-Medium-Long-Section-Spring-Autumn-Straight-Windproof-Windbreaker-Leisure-Thick-Women.jpg_220x220xz.jpg,https://ae01.alicdn.com/kf/S0de635f891f54c06bc9588de1fd8ae87m/Women-Slim-Solid-Overcoat-Female-Medium-Long-Section-Spring-Autumn-Straight-Windproof-Windbreaker-Leisure-Thick-Women.jpg_220x220xz.jpg,149.82,Femmes Mince Solide Manteau Femme Moyen Longue Section Printemps Automne Coupe-Vent Droit Coupe-Vent Loisirs Épais Femmes Vêtements,Vestes et manteaux
//ae01.alicdn.com/kf/Ha47a924ed19e413cb39bf0e4f86404a3G/Low-Price-On-Sale-Fashion-Parka-Coat-Women-Long-Sleeve-Thick-Warmth-Clothing-2021-Autumn-Winter.jpg_220x220xz.jpg,https://ae01.alicdn.com/kf/Ha47a924ed19e413cb39bf0e4f86404a3G/Low-Price-On-Sale-Fashion-Parka-Coat-Women-Long-Sleeve-Thick-Warmth-Clothing-2021-Autumn-Winter.jpg_220x220xz.jpg,222.99,Manteau Parka en coton à manches longues pour femme. épais et chaud. vêtement à la mode. nouvelle collection automne-hiver 2021. JD598. bas prix en vente,Vestes et manteaux
//ae01.alicdn.com/kf/Hadcda7578cab4dcaaa7fece669cd7ff4I/Winter-Parka-Women-Cotton-Coat-2021-Warm-Jacket-Pink-Top-Korean-Fashion-Clothing-Autumn-Coats-Black.jpg_220x220xz.jpg,https://ae01.alicdn.com/kf/Hadcda7578cab4dcaaa7fece669cd7ff4I/Winter-Parka-Women-Cotton-Coat-2021-Warm-Jacket-Pink-Top-Korean-Fashion-Clothing-Autumn-Coats-Black.jpg_220x220xz.jpg,277.47,Manteau d'hiver en coton pour femmes. Parka d'automne. veste chaude. rose. Top. mode coréenne. vêtements d'extérieur. noir. JD667. 2021,Vestes et manteaux
//ae01.alicdn.com/kf/S12976ba31f5e447c942b78c5e9e5be53Y/YAYA-2022-Women-Puffer-90-White-Duck-Down-Jacket-Light-Thin-Spring-Autumn-Soft-Coat-Short.jpg_220x220xz.jpg,https://ae01.alicdn.com/kf/S12976ba31f5e447c942b78c5e9e5be53Y/YAYA-2022-Women-Puffer-90-White-Duck-Down-Jacket-Light-Thin-Spring-Autumn-Soft-Coat-Short.jpg_220x220xz.jpg,788.26,YAYA – doudoune légère en duvet de canard blanc 2022 pour femme. manteau doux et bouffant. parka rembourrée courte pour dames. printemps et automne. 90%,Vestes et manteaux
//ae01.alicdn.com/kf/Ha352cdfb05294e6bbe742d0d91ccb428n/SANTELON-Winter-Women-Thin-Padded-Jacket-Coat-Lady-Short-Parka-Outdoor-Warm-Clothing-Female-Portable-Ultralight.jpg_220x220xz.jpg,https://ae01.alicdn.com/kf/Ha352cdfb05294e6bbe742d0d91ccb428n/SANTELON-Winter-Women-Thin-Padded-Jacket-Coat-Lady-Short-Parka-Outdoor-Warm-Clothing-Female-Portable-Ultralight.jpg_220x220xz.jpg,212.65,SANTELON – veste rembourrée mince pour femme. manteau court. Parka d'extérieur. vêtements chauds. Portable. ultraléger. S20006. hiver,Vestes et manteaux
//ae01.alicdn.com/kf/H5fd113dadc264408b4c24a4aefc071b5l/KJMYYX-Women-Fashion-Short-Loose-Thick-Jacket-Cotton-Padded-2022-Winter-Long-Sleeve-Parkas-Female-Warm.jpg_220x220xz.jpg,https://ae01.alicdn.com/kf/H5fd113dadc264408b4c24a4aefc071b5l/KJMYYX-Women-Fashion-Short-Loose-Thick-Jacket-Cotton-Padded-2022-Winter-Long-Sleeve-Parkas-Female-Warm.jpg_220x220xz.jpg,275.08,Veste d'hiver pour femme. manteau court avec fermeture éclair. Parka rembourrée. à la mode. couleur unie. chaud. décontracté. collection automne 2021,Vestes et manteaux
//ae01.alicdn.com/kf/S78f27e4d88b64b06b790e5e725c4e878c/Autumn-Winter-Women-s-Coat-Long-Loose-Plus-Size-Maternity-Pregnancy-Cloak-Female-High-Neck-Knitted.jpg_220x220xz.jpg,https://ae01.alicdn.com/kf/S78f27e4d88b64b06b790e5e725c4e878c/Autumn-Winter-Women-s-Coat-Long-Loose-Plus-Size-Maternity-Pregnancy-Cloak-Female-High-Neck-Knitted.jpg_220x220xz.jpg,270.01,Manteau Long ample pour femme. veste à manches tricotées. col haut. grande taille. collection automne et hiver,Vestes et manteaux
//ae01.alicdn.com/kf/S6701ab5499624694bef1570cbde1e0356/Women-Fashion-See-Through-Outdoor-Tops-Lace-Up-Spring-Solid-Sheer-Mesh-Long-Sleeve-Buttoned-Coat.jpg_220x220xz.jpg,https://ae01.alicdn.com/kf/S6701ab5499624694bef1570cbde1e0356/Women-Fashion-See-Through-Outdoor-Tops-Lace-Up-Spring-Solid-Sheer-Mesh-Long-Sleeve-Buttoned-Coat.jpg_220x220xz.jpg,114.63,Hauts de plein air transparents pour femmes. manteau à manches longues boutonné avec ceinture. chemises élégantes à lacets. maille transparente solide. printemps. 2022,Vestes et manteaux
